isotype	cluster	PC1	PC2	PC1_var_exp	PC2_var_exp	data
AB1	Australia	-35.0536058757019	9.0634794341142	25.2	4.3	pSTRs
BRC20067	Asia	-38.0518561521275	21.4174825501596	NA	NA	pSTRs
BRC20263	Australia	-29.1912972800809	9.90384562795611	NA	NA	pSTRs
CB4852	Unknown	-37.1200173384038	14.2480506448216	NA	NA	pSTRs
CB4854	N. America	-29.5411100030616	11.8548200027728	NA	NA	pSTRs
CB4856	Hawaii	14.5265699470416	-24.5604026763859	NA	NA	pSTRs
CB4932	Europe	-27.1386785302422	-11.8177471502274	NA	NA	pSTRs
CX11254	N. America	-23.8220930545388	3.23922260690887	NA	NA	pSTRs
CX11262	N. America	-21.5527921291776	6.53713895562911	NA	NA	pSTRs
CX11264	N. America	-16.8514733259295	-4.91176491847221	NA	NA	pSTRs
CX11271	N. America	-33.7995122061008	14.2450010418306	NA	NA	pSTRs
CX11276	N. America	-30.2274696281715	9.23144432592027	NA	NA	pSTRs
CX11285	N. America	-19.9762033702118	0.165585949800919	NA	NA	pSTRs
CX11292	N. America	-35.935866903027	17.2807385779092	NA	NA	pSTRs
CX11307	N. America	-22.7271775698917	1.09303804901122	NA	NA	pSTRs
CX11314	N. America	-28.7984495395906	12.0032972807095	NA	NA	pSTRs
CX11315	N. America	-27.5008524566158	6.11033502579265	NA	NA	pSTRs
DL200	Africa	-19.4761215576929	-12.1633637945178	NA	NA	pSTRs
DL226	N. America	-28.7689809062587	8.43174040325341	NA	NA	pSTRs
DL238	Hawaii	9.7072069009692	-29.6569946387203	NA	NA	pSTRs
ECA1069	S. America	-29.3982690398262	12.3673546614258	NA	NA	pSTRs
ECA1074	S. America	-31.9162863063322	9.86579599722032	NA	NA	pSTRs
ECA1185	Hawaii	90.0311050896636	-25.5934226559057	NA	NA	pSTRs
ECA1186	Hawaii	7.28725574453667	-15.2151410699515	NA	NA	pSTRs
ECA1187	Hawaii	91.9282385443796	-24.6860828569525	NA	NA	pSTRs
ECA1191	Hawaii	89.9408399905971	-24.0751073036205	NA	NA	pSTRs
ECA1192	Hawaii	92.5461936132872	-26.7375033867644	NA	NA	pSTRs
ECA1193	Hawaii	83.6127432337576	-23.3518670549031	NA	NA	pSTRs
ECA1194	Hawaii	92.1387670736121	-22.2652742932381	NA	NA	pSTRs
ECA1195	Hawaii	82.7920530581061	-21.2092837183468	NA	NA	pSTRs
ECA1196	Hawaii	90.4365274374131	-22.9859109828018	NA	NA	pSTRs
ECA1200	Hawaii	1.24103033087616	-18.1241602719835	NA	NA	pSTRs
ECA1202	Hawaii	84.6635209114457	45.1230857805434	NA	NA	pSTRs
ECA1206	Hawaii	88.7969750278651	45.8818043864583	NA	NA	pSTRs
ECA1208	Hawaii	84.2886987987628	43.3804753437658	NA	NA	pSTRs
ECA1212	Hawaii	86.9586053753161	40.858480168411	NA	NA	pSTRs
ECA1216	Hawaii	87.8043245878862	41.0026090284023	NA	NA	pSTRs
ECA1223	Hawaii	83.2131234975452	40.5750146757262	NA	NA	pSTRs
ECA1225	Hawaii	87.0514257317502	40.989861541493	NA	NA	pSTRs
ECA1228	Hawaii	86.259197465191	40.1189107031741	NA	NA	pSTRs
ECA1229	Hawaii	86.3972310668268	39.6320365600041	NA	NA	pSTRs
ECA1232	Hawaii	89.3854859846198	-25.4235167904393	NA	NA	pSTRs
ECA1237	Hawaii	85.8784877853128	37.6104796106759	NA	NA	pSTRs
ECA1238	Hawaii	89.5523662090181	-25.7161552522356	NA	NA	pSTRs
ECA1240	Hawaii	92.2383575681571	-25.7977673605541	NA	NA	pSTRs
ECA1242	Hawaii	92.1471465750597	-21.8648117448187	NA	NA	pSTRs
ECA1243	Hawaii	11.3306820182695	-28.6296586803359	NA	NA	pSTRs
ECA1247	Hawaii	86.0906340237958	42.5328658782016	NA	NA	pSTRs
ECA1251	Hawaii	90.2330309854301	-24.6901954943038	NA	NA	pSTRs
ECA1252	Hawaii	91.6454209112344	-22.9531108135667	NA	NA	pSTRs
ECA1253	Hawaii	90.374954743605	-25.5377349521302	NA	NA	pSTRs
ECA1255	Hawaii	-0.467420098757477	-18.6436986412148	NA	NA	pSTRs
ECA1257	Hawaii	0.205749588294591	-17.5117740187002	NA	NA	pSTRs
ECA1260	Hawaii	13.9926445755347	-24.4580730917033	NA	NA	pSTRs
ECA1261	Hawaii	86.7812982662535	38.7285436831305	NA	NA	pSTRs
ECA1269	Hawaii	12.8480313238427	-25.9347733905258	NA	NA	pSTRs
ECA1271	Hawaii	12.0169559791869	-28.5236401803845	NA	NA	pSTRs
ECA1276	Hawaii	85.6743043680042	40.599062110342	NA	NA	pSTRs
ECA1278	Hawaii	86.291506682336	43.4656111621143	NA	NA	pSTRs
ECA1281	Hawaii	86.3625442607128	45.1553688170032	NA	NA	pSTRs
ECA1283	Hawaii	87.4399460519123	42.0774085741154	NA	NA	pSTRs
ECA1284	Hawaii	87.0409913977567	39.9127399630595	NA	NA	pSTRs
ECA1286	Hawaii	84.5446574156628	39.1717429170125	NA	NA	pSTRs
ECA1287	Hawaii	69.4708983622355	25.8244517926178	NA	NA	pSTRs
ECA1288	Hawaii	10.7449320562295	-28.118422730158	NA	NA	pSTRs
ECA1289	Hawaii	84.2616012982355	38.807124828946	NA	NA	pSTRs
ECA1293	Hawaii	89.7196481476826	44.8844476451364	NA	NA	pSTRs
ECA1298	Hawaii	5.76905216916815	-15.366721411574	NA	NA	pSTRs
ECA1316	N. America	-33.4534293367384	17.0354201516854	NA	NA	pSTRs
ECA1409	Hawaii	71.8460446370922	24.677163891379	NA	NA	pSTRs
ECA1413	Hawaii	1.73923450126116	-4.34972859991347	NA	NA	pSTRs
ECA1493	Hawaii	69.6690663404595	0.39224098841874	NA	NA	pSTRs
ECA1693	Hawaii	40.2447811387101	-23.208237337779	NA	NA	pSTRs
ECA1713	Hawaii	68.3270953470128	-3.26824501939545	NA	NA	pSTRs
ECA1717	Hawaii	91.0479868458795	-27.3778403059704	NA	NA	pSTRs
ECA1725	Hawaii	87.9152186211839	-8.59122941033686	NA	NA	pSTRs
ECA1751	Hawaii	71.9488454558928	30.1028907281998	NA	NA	pSTRs
ECA1757	Hawaii	9.09015889556292	-17.9278612632681	NA	NA	pSTRs
ECA1761	Hawaii	88.6813502768251	-23.8787483353509	NA	NA	pSTRs
ECA1769	Hawaii	83.3398503465616	36.0185235301867	NA	NA	pSTRs
ECA1793	Hawaii	90.6356090795489	-24.8821868315453	NA	NA	pSTRs
ECA1805	Hawaii	2.60075336339505	-18.9512518295532	NA	NA	pSTRs
ECA1807	Hawaii	14.0324924337508	-25.4965016242314	NA	NA	pSTRs
ECA1815	Hawaii	1.15781661826328	-13.1630193987889	NA	NA	pSTRs
ECA1821	Hawaii	88.343415811544	-24.239598923982	NA	NA	pSTRs
ECA1825	Hawaii	76.5746709761454	-19.5858820368601	NA	NA	pSTRs
ECA1843	Hawaii	87.3709894889717	-23.4278393540174	NA	NA	pSTRs
ECA1851	Hawaii	87.6728013287514	-16.54697473457	NA	NA	pSTRs
ECA1853	Hawaii	-3.97011462644049	-12.4054095546577	NA	NA	pSTRs
ECA1875	Hawaii	0.866291392594963	-16.4899934399841	NA	NA	pSTRs
ECA1885	Hawaii	89.8433009728793	-26.0549562312115	NA	NA	pSTRs
ECA1887	Hawaii	2.57562602911137	-19.2484333873532	NA	NA	pSTRs
ECA1889	Hawaii	3.62531210243939	-13.3892047957814	NA	NA	pSTRs
ECA189	Hawaii	2.56827213249635	-13.8846654868814	NA	NA	pSTRs
ECA1891	Hawaii	80.8342331030821	31.1706421209459	NA	NA	pSTRs
ECA1901	Hawaii	0.420916138731457	-16.7980422476984	NA	NA	pSTRs
ECA191	Hawaii	84.2716954418947	42.1659375428001	NA	NA	pSTRs
ECA1919	Hawaii	87.2513013869079	44.4320056259946	NA	NA	pSTRs
ECA1925	Hawaii	86.8137711373602	-10.2999718974197	NA	NA	pSTRs
ECA1937	Hawaii	11.9617025314446	-23.5654192594506	NA	NA	pSTRs
ECA1939	Hawaii	12.1929668460836	-29.6005134481327	NA	NA	pSTRs
ECA1943	Hawaii	11.991297681013	-26.6575061884671	NA	NA	pSTRs
ECA1969	Hawaii	86.9434631529082	41.4170800327237	NA	NA	pSTRs
ECA1977	Hawaii	12.0137886389999	-27.5956962454045	NA	NA	pSTRs
ECA1997	Hawaii	90.7490908872817	39.9009616776686	NA	NA	pSTRs
ECA2041	Hawaii	1.43107096628429	-19.1048474665998	NA	NA	pSTRs
ECA2043	Hawaii	89.6686451352663	-23.5869133008548	NA	NA	pSTRs
ECA2073	Hawaii	86.5115779035836	40.798450423966	NA	NA	pSTRs
ECA2081	Hawaii	86.9319367809442	39.87023922782	NA	NA	pSTRs
ECA2091	Hawaii	68.6408278188906	-9.58759632536164	NA	NA	pSTRs
ECA2109	Hawaii	87.858783759665	-20.0217538922159	NA	NA	pSTRs
ECA2111	Hawaii	3.10198134796526	-14.3061186284628	NA	NA	pSTRs
ECA2119	Hawaii	-3.20203591930811	-2.64850855487614	NA	NA	pSTRs
ECA2151	Hawaii	55.5729002699039	17.2983357720636	NA	NA	pSTRs
ECA2155	Hawaii	87.6948717970453	-7.4624085736428	NA	NA	pSTRs
ECA2159	Hawaii	89.0582294696857	-8.98520455748617	NA	NA	pSTRs
ECA2183	Hawaii	88.9232167760914	-14.9912764154356	NA	NA	pSTRs
ECA2187	Hawaii	90.8094834756571	-24.5597618624609	NA	NA	pSTRs
ECA2191	Hawaii	71.3805281468274	-2.38410409471117	NA	NA	pSTRs
ECA2195	Hawaii	69.7127506143161	-5.20775924157441	NA	NA	pSTRs
ECA2199	Hawaii	70.3533234376365	-5.13324820174443	NA	NA	pSTRs
ECA2251	Hawaii	86.392026564557	41.7992751587857	NA	NA	pSTRs
ECA2281	Hawaii	85.3985550691021	-21.0461860745513	NA	NA	pSTRs
ECA2291	Hawaii	88.256322985518	-21.9483712567971	NA	NA	pSTRs
ECA2332	Hawaii	5.60765898591852	-18.284255333332	NA	NA	pSTRs
ECA2334	Hawaii	77.8742412893531	-14.7308841486668	NA	NA	pSTRs
ECA2336	Hawaii	89.3467239003354	-17.4560596082068	NA	NA	pSTRs
ECA2344	Hawaii	2.8411340741451	-20.3790530966189	NA	NA	pSTRs
ECA2350	Hawaii	2.9400797696019	-19.5515241734388	NA	NA	pSTRs
ECA2360	Hawaii	89.7235481355168	-22.0831859589269	NA	NA	pSTRs
ECA2367	Hawaii	87.0269138738387	-24.9833963520793	NA	NA	pSTRs
ECA2377	Hawaii	11.3317116867681	-26.296362075488	NA	NA	pSTRs
ECA2417	Hawaii	88.0879337389496	44.6935506210623	NA	NA	pSTRs
CB4851	Europe	-23.9422769717556	-8.99702751589765	NA	NA	pSTRs
ECA2437	Hawaii	14.4389580517235	-15.9406056363465	NA	NA	pSTRs
ECA2443	Hawaii	87.8806361821957	39.5818166499011	NA	NA	pSTRs
ECA2452	Hawaii	13.3814638328407	-14.3813602296457	NA	NA	pSTRs
CB4853	N. America	-33.0127860804023	18.2395489086827	NA	NA	pSTRs
ECA2467	Hawaii	10.8707208738187	-26.2506900130969	NA	NA	pSTRs
ECA2473	Hawaii	87.2041591458495	45.6001841898363	NA	NA	pSTRs
ECA2475	Hawaii	86.7447992195559	39.8911178609903	NA	NA	pSTRs
CB4855	N. America	-29.6077334915197	9.31163299967853	NA	NA	pSTRs
ECA2481	Hawaii	11.9292446310854	-26.6735278767377	NA	NA	pSTRs
ECA2482	Hawaii	87.5539842492668	44.7520310303204	NA	NA	pSTRs
ECA2489	Hawaii	86.0060416900773	46.6437393319737	NA	NA	pSTRs
CB4857	N. America	-29.520673503835	11.6402951193772	NA	NA	pSTRs
CB4858	N. America	-34.5734966409869	17.7661767199228	NA	NA	pSTRs
ECA2522	N. America	-29.0869497422082	6.7150271653138	NA	NA	pSTRs
ECA2523	N. America	1.03716031631329	-23.4905949340653	NA	NA	pSTRs
ECA2527	N. America	-25.2198381624319	2.63883295355711	NA	NA	pSTRs
ECA2529	N. America	-34.1528010772553	11.7514105347735	NA	NA	pSTRs
ECA2533	N. America	-18.1655359242856	-0.301260763263717	NA	NA	pSTRs
ECA2536	N. America	-33.2128786341944	14.143343123466	NA	NA	pSTRs
ECA2546	Australia	-33.6430714674888	13.4725752163038	NA	NA	pSTRs
ECA2549	Australia	-31.744545115561	8.41416405730929	NA	NA	pSTRs
ECA2551	Australia	-25.5395428789818	6.35507701128546	NA	NA	pSTRs
ECA2554	Australia	-32.9061840481965	7.52726202398434	NA	NA	pSTRs
ECA2555	Australia	-25.2032445254072	7.36617593477973	NA	NA	pSTRs
ECA2559	Australia	-33.2430653506244	12.8758948784259	NA	NA	pSTRs
ECA2560	Australia	-34.8555649599437	16.806431524447	NA	NA	pSTRs
ECA2561	Australia	-9.5623103215259	6.51028538718962	NA	NA	pSTRs
ECA2565	Australia	-41.9369959981665	19.5880729863945	NA	NA	pSTRs
ECA2568	Australia	-36.4275739692536	11.6523753581015	NA	NA	pSTRs
ECA2581	Australia	36.1396917135845	-12.4988643663447	NA	NA	pSTRs
ECA2583	Australia	-32.5107314899564	11.9455691879648	NA	NA	pSTRs
ECA2584	Australia	-29.4644947823505	10.2723564421795	NA	NA	pSTRs
PB306	Unknown	-19.4414510665868	-0.461645967296186	NA	NA	pSTRs
ECA2594	Australia	-29.4300586196322	16.3913665563935	NA	NA	pSTRs
ECA2595	Australia	5.08185180966312	1.76687992835581	NA	NA	pSTRs
ECA2601	Australia	-7.16467502813043	4.61127703772619	NA	NA	pSTRs
ECA2602	Australia	-35.7483310743579	12.6784543874764	NA	NA	pSTRs
ECA2603	Australia	-36.1321523839496	11.7447243505865	NA	NA	pSTRs
ECA2607	Australia	-29.9451137310152	4.7134274851197	NA	NA	pSTRs
ECA2609	Australia	-31.1626987818002	10.5552542880153	NA	NA	pSTRs
ECA2612	Australia	-8.61678867036319	3.34740195103759	NA	NA	pSTRs
ECA2615	Australia	-37.8000383313046	12.7516712653203	NA	NA	pSTRs
ECA2641	Australia	-30.845234052259	7.52969206298599	NA	NA	pSTRs
ECA2648	Australia	-32.0205958568706	9.56324202638585	NA	NA	pSTRs
ECA2656	Australia	-34.045484529321	12.7759171507274	NA	NA	pSTRs
ECA2659	Australia	-14.3647381048178	3.43444275231352	NA	NA	pSTRs
ECA2660	Australia	-13.1664596435939	2.78109995600266	NA	NA	pSTRs
ECA2672	Australia	-25.0630385523799	5.31944357254098	NA	NA	pSTRs
ECA2676	Australia	-29.0151749154484	13.4829568925526	NA	NA	pSTRs
ECA347	Hawaii	89.9714891389014	-25.1312509354793	NA	NA	pSTRs
ECA348	N. America	-12.7345962544664	-6.39654854594794	NA	NA	pSTRs
ECA349	N. America	-25.9509748069839	5.32495608570335	NA	NA	pSTRs
ECA36	New Zealand	88.8231831112404	-25.8502190673677	NA	NA	pSTRs
ECA363	Hawaii	86.3659006644996	-27.4819597580857	NA	NA	pSTRs
ECA369	Hawaii	18.850237385998	-12.1412595776429	NA	NA	pSTRs
ECA372	Hawaii	-4.46238019302473	-16.5752852272899	NA	NA	pSTRs
ECA396	Hawaii	86.344876385783	37.9910327433175	NA	NA	pSTRs
ECA592	N. America	-9.82176070157943	-10.7874832045582	NA	NA	pSTRs
ECA593	N. America	2.72114980602822	-17.7028871283908	NA	NA	pSTRs
ECA594	N. America	-8.95701754121821	-9.42439387504628	NA	NA	pSTRs
ECA640	N. America	-27.8507262820933	5.18227633651837	NA	NA	pSTRs
ECA701	Hawaii	65.8097480677455	-10.5227524034735	NA	NA	pSTRs
ECA703	Hawaii	21.9227405206373	-15.5689448210413	NA	NA	pSTRs
ECA705	Hawaii	2.3423870160477	-18.325208483954	NA	NA	pSTRs
ECA706	Hawaii	11.0381826605947	-18.9428664752946	NA	NA	pSTRs
ECA710	Hawaii	-0.366573217942312	-17.2340979453072	NA	NA	pSTRs
ECA712	Hawaii	2.75128525561216	-14.5328036940086	NA	NA	pSTRs
ECA722	Hawaii	86.7178218309666	37.5054961041191	NA	NA	pSTRs
ECA723	Hawaii	83.7443770628534	35.8161577596473	NA	NA	pSTRs
ECA724	Hawaii	80.1248630616667	-24.6425143317501	NA	NA	pSTRs
ECA730	Hawaii	86.5824704593541	37.5382372553228	NA	NA	pSTRs
ECA732	Hawaii	11.75612904502	-29.1085577965162	NA	NA	pSTRs
ECA733	Hawaii	10.4768479924289	-26.6333087700745	NA	NA	pSTRs
ECA738	Hawaii	2.45228601490309	-21.2246404435546	NA	NA	pSTRs
ECA740	Hawaii	86.0930955176885	-24.7980332689954	NA	NA	pSTRs
ECA741	Hawaii	88.5747772443941	-23.1035952904154	NA	NA	pSTRs
ECA742	Hawaii	85.6071063541446	-22.626663052843	NA	NA	pSTRs
ECA743	Hawaii	5.45208148478219	-22.7561165320743	NA	NA	pSTRs
ECA744	Hawaii	84.2405727246243	39.7649442136165	NA	NA	pSTRs
ECA745	Hawaii	84.211982004942	43.5356852431503	NA	NA	pSTRs
ECA746	Hawaii	87.8107276847319	39.4756524374901	NA	NA	pSTRs
ECA760	Hawaii	7.25388779202477	-20.3086956072857	NA	NA	pSTRs
ECA768	Hawaii	8.12195987385015	-18.6073188386197	NA	NA	pSTRs
ECA777	Hawaii	6.51451825846695	-19.6350063399517	NA	NA	pSTRs
ECA778	Hawaii	2.08678621515514	-20.2267709586813	NA	NA	pSTRs
ECA807	Hawaii	10.24665979646	-8.87609418656143	NA	NA	pSTRs
ECA812	Hawaii	4.539004146984	-18.1423364042777	NA	NA	pSTRs
ECA923	Hawaii	-20.9548505288364	2.86367501573492	NA	NA	pSTRs
ECA928	Hawaii	-14.9031977490838	0.232385156959359	NA	NA	pSTRs
ECA930	Asia	-33.8445887460507	10.3538579082769	NA	NA	pSTRs
ED3005	Europe	-31.1666711950068	11.8440574252605	NA	NA	pSTRs
ED3011	Europe	-31.7675904936723	11.3256122597595	NA	NA	pSTRs
ED3012	Europe	-38.6670042082852	9.56919142137318	NA	NA	pSTRs
ED3017	Europe	-36.1178359121473	3.30346822240947	NA	NA	pSTRs
ED3040	Africa	-27.8773190896635	8.7984352274983	NA	NA	pSTRs
ED3046	Africa	-31.0222697783591	9.41631382244449	NA	NA	pSTRs
ED3048	Africa	-38.2709137276865	19.8447496513667	NA	NA	pSTRs
ED3049	Africa	-30.623184033436	9.80662354632622	NA	NA	pSTRs
ED3052	Africa	-30.6725957418691	7.51454287930773	NA	NA	pSTRs
ED3073	Africa	-33.2878558183621	16.0452048439176	NA	NA	pSTRs
ED3077	Africa	-32.9110142445596	16.3499714654883	NA	NA	pSTRs
EG4347	N. America	-40.5929153481164	17.655375310658	NA	NA	pSTRs
EG4349	N. America	-19.9422739953094	-1.91285618168231	NA	NA	pSTRs
EG4724	Europe	-21.1705099740772	-0.340187870831091	NA	NA	pSTRs
EG4725	Europe	-14.7647484571201	-4.13930874944706	NA	NA	pSTRs
EG4946	N. America	-37.349274991666	18.6392393109107	NA	NA	pSTRs
GXW1	Asia	-34.8699692862435	13.308070604167	NA	NA	pSTRs
JR4305	N. America	-14.1510982344245	-7.13841243903843	NA	NA	pSTRs
JT11398	N. America	-30.2500779450466	4.05286303304498	NA	NA	pSTRs
JU1088	Asia	-34.4882889155124	18.6776581072492	NA	NA	pSTRs
JU1172	S. America	-34.6040234758651	13.8268492754464	NA	NA	pSTRs
JU1200	Europe	-42.4052672623024	12.7102933995158	NA	NA	pSTRs
JU1212	Europe	-18.6752578823171	-11.9744576757766	NA	NA	pSTRs
JU1213	Europe	-18.2953792124451	-12.1326431360994	NA	NA	pSTRs
JU1242	Europe	-16.8006347011907	-17.3200609699779	NA	NA	pSTRs
JU1246	Europe	-11.1482344711486	-14.8896610762821	NA	NA	pSTRs
JU1249	Europe	-34.6451965239263	5.93677181097686	NA	NA	pSTRs
JU1395	Europe	-35.1113330370046	12.2210508724565	NA	NA	pSTRs
JU1400	Europe	-21.7052353010724	-2.58633903423403	NA	NA	pSTRs
JU1409	Europe	-32.5568109815297	7.45354384311247	NA	NA	pSTRs
JU1440	Europe	-36.2962420720214	10.4000826399538	NA	NA	pSTRs
JU1491	Europe	-28.8801992870237	-1.08105568989724	NA	NA	pSTRs
JU1530	Europe	-30.3494974126192	-3.37367464600026	NA	NA	pSTRs
JU1543	Europe	-39.2577422667417	12.0447687921497	NA	NA	pSTRs
JU1568	Europe	-35.6326614417892	-3.57236525174269	NA	NA	pSTRs
JU1581	Europe	-13.2353642441838	-13.0716729843178	NA	NA	pSTRs
JU1586	Europe	-36.8121877821091	8.32790203872013	NA	NA	pSTRs
JU1652	S. America	-25.793163051328	5.60399301450809	NA	NA	pSTRs
JU1666	Europe	-12.9983842716458	-22.5353819558164	NA	NA	pSTRs
JU1792	Europe	-30.4348363817229	-11.7977596665556	NA	NA	pSTRs
JU1793	Europe	-3.45244129945534	-19.2878155691452	NA	NA	pSTRs
JU1808	Europe	-29.1001982592729	-2.65647643845912	NA	NA	pSTRs
JU1896	Europe	-19.527225186014	1.04816541248078	NA	NA	pSTRs
JU1934	Europe	-20.7808930933415	-13.9388281732626	NA	NA	pSTRs
JU2001	Africa	-8.26763343697559	-16.0452400713318	NA	NA	pSTRs
JU2007	Europe	-28.8597135075958	10.7700949700949	NA	NA	pSTRs
JU2016	N. America	-35.9393084514559	18.3545604459753	NA	NA	pSTRs
JU2017	N. America	-18.3447525685027	1.5473788544416	NA	NA	pSTRs
JU2106	Europe	-6.31374811839902	-20.6923537523942	NA	NA	pSTRs
JU2131	Europe	-14.278583142719	-17.296830451092	NA	NA	pSTRs
JU2141	Europe	-20.95322210495	-16.36605676297	NA	NA	pSTRs
JU2234	Europe	-25.196676541031	5.75787131016363	NA	NA	pSTRs
JU2250	Europe	-15.786488027973	-19.8450675937299	NA	NA	pSTRs
JU2257	Europe	-27.8347725076346	-8.17850454524648	NA	NA	pSTRs
JU2316	Europe	0.221302040245146	-18.2035008634641	NA	NA	pSTRs
JU2464	S. America	-28.5765486848899	8.08671023571169	NA	NA	pSTRs
JU2466	S. America	-38.252561480095	22.6761885211155	NA	NA	pSTRs
JU2478	Europe	-27.4385080356893	5.67542245654028	NA	NA	pSTRs
JU2513	Europe	-34.0581817646056	12.6149221647867	NA	NA	pSTRs
JU2519	Europe	-8.07355953168323	-12.9593187187701	NA	NA	pSTRs
JU2522	Europe	-23.8032573405115	0.924864324923934	NA	NA	pSTRs
JU2526	Europe	9.88983346646057	-22.2565780723152	NA	NA	pSTRs
JU2534	Europe	-33.211727827497	6.31306940134654	NA	NA	pSTRs
JU2565	Europe	-29.2877561662588	-5.11231289938074	NA	NA	pSTRs
JU2566	Europe	-32.8399921338933	-4.55238969575593	NA	NA	pSTRs
JU2570	Europe	-17.7513174168237	-20.4682894693178	NA	NA	pSTRs
JU2572	Europe	-35.9131582102917	-3.39090099289338	NA	NA	pSTRs
JU2575	Europe	-32.4452217815335	-5.31520028288733	NA	NA	pSTRs
JU2576	Europe	-15.8224773473288	-7.7096264976376	NA	NA	pSTRs
JU2578	Europe	-31.6633437286821	14.4319409031416	NA	NA	pSTRs
JU258	Atlantic	-1.13229924808964	-19.7603440751238	NA	NA	pSTRs
JU2581	Europe	-20.3355870818825	2.95494378254724	NA	NA	pSTRs
JU2586	Europe	-22.9142857920964	1.93113970356908	NA	NA	pSTRs
JU2587	Europe	-25.0206206469359	1.33325472881596	NA	NA	pSTRs
JU2592	Europe	-26.4807255308189	-9.63894155174583	NA	NA	pSTRs
JU2593	Europe	-22.8463463573643	0.397680179653453	NA	NA	pSTRs
JU2600	Europe	-18.9041807327217	-8.53163605892986	NA	NA	pSTRs
JU2610	Europe	-18.5398554474284	-9.99189220851954	NA	NA	pSTRs
JU2619	N. America	-32.8540647672425	11.5253575823246	NA	NA	pSTRs
JU2800	Europe	-14.1944883986273	-10.5390354144884	NA	NA	pSTRs
JU2811	Australia	-21.9128836221318	3.77952929332621	NA	NA	pSTRs
JU2825	Europe	-26.5196881986539	-7.2673679664736	NA	NA	pSTRs
JU2829	Europe	-19.0933813541964	4.34991116494986	NA	NA	pSTRs
JU2838	N. America	-14.0205065034521	-6.90900554012956	NA	NA	pSTRs
JU2841	New Zealand	-20.0822127525114	0.620174088885077	NA	NA	pSTRs
JU2853	Europe	-34.5579041010525	13.1643373732329	NA	NA	pSTRs
JU2862	Europe	-24.4339904732761	-1.24588902674028	NA	NA	pSTRs
JU2866	N. America	-26.516373037267	1.62458336389095	NA	NA	pSTRs
JU2878	N. America	-29.289556788131	11.258855454722	NA	NA	pSTRs
JU2879	N. America	-11.2473901229166	-7.1886596272122	NA	NA	pSTRs
JU2906	Europe	-29.6645280667348	3.37063412742666	NA	NA	pSTRs
JU2907	Europe	-40.2487757080466	13.5983449006809	NA	NA	pSTRs
JU310	Europe	-30.5594842064163	-4.07846837198549	NA	NA	pSTRs
JU311	Europe	-25.5413808012364	-11.8167170034569	NA	NA	pSTRs
JU3125	Europe	-31.2385574614858	10.290525624917	NA	NA	pSTRs
JU3127	Europe	-30.0307959865866	7.6721796863209	NA	NA	pSTRs
JU3128	Europe	-32.016989185501	5.50009073984222	NA	NA	pSTRs
JU3132	Europe	-20.8062506758358	-13.0743315024832	NA	NA	pSTRs
JU3134	Europe	-30.6583730839795	7.13163160445485	NA	NA	pSTRs
JU3135	Europe	-31.8018302449976	12.5565263132218	NA	NA	pSTRs
JU3137	Europe	-22.3291721934478	-0.255463449054546	NA	NA	pSTRs
JU3140	Europe	-16.1420078404946	-18.7036100196272	NA	NA	pSTRs
JU3141	Europe	-27.0741713568409	-12.4629259433657	NA	NA	pSTRs
JU3144	Africa	-27.328105741986	6.83269470492863	NA	NA	pSTRs
JU3166	Atlantic	-5.19815667998179	-10.543286636501	NA	NA	pSTRs
JU3167	Atlantic	-3.31359289869696	-21.0522711225637	NA	NA	pSTRs
JU3169	Atlantic	-5.81742535383267	-14.5485878478063	NA	NA	pSTRs
JU3224	New Zealand	-26.1956864375467	9.06986500211999	NA	NA	pSTRs
JU3225	New Zealand	-36.3698728297846	11.4947046629886	NA	NA	pSTRs
JU3226	New Zealand	82.3915433005767	-23.754513828824	NA	NA	pSTRs
JU3228	New Zealand	-22.5868565955905	8.85602215975234	NA	NA	pSTRs
JU323	Europe	-26.5186664152155	-0.931802411053928	NA	NA	pSTRs
JU3280	Europe	-23.6415524015637	4.96294080793397	NA	NA	pSTRs
JU3282	Europe	-34.0387174358655	17.0723635412898	NA	NA	pSTRs
JU3291	Europe	-17.7949507900831	-9.81403804025227	NA	NA	pSTRs
JU3318	Asia	-32.8481529555809	13.294972592579	NA	NA	pSTRs
JU346	Europe	-26.5625506930267	-5.37088286266838	NA	NA	pSTRs
JU360	Europe	-24.6195143406537	2.86994193330972	NA	NA	pSTRs
JU367	Europe	-35.003303126709	1.93560475348124	NA	NA	pSTRs
JU3795	Europe	-17.2249094319843	-16.6652765005235	NA	NA	pSTRs
JU393	Europe	-27.4389967085937	-7.07750177816793	NA	NA	pSTRs
JU394	Europe	-25.468569132824	-9.0264733552131	NA	NA	pSTRs
JU397	Europe	-19.3066080882542	-21.624806740344	NA	NA	pSTRs
JU4047	Asia	-17.5930509785155	2.03138242498473	NA	NA	pSTRs
JU406	Europe	-30.0917732067292	-5.24531195439156	NA	NA	pSTRs
JU4073	Asia	-34.8640194248278	13.8545278851189	NA	NA	pSTRs
JU4082	Asia	1.20179951665503	-23.0906677525501	NA	NA	pSTRs
JU4098	Asia	-30.4485669085074	12.763286743866	NA	NA	pSTRs
JU440	Europe	-30.5900663941193	3.30032689619699	NA	NA	pSTRs
JU561	Europe	-33.1604990802509	9.45908750745814	NA	NA	pSTRs
JU642	Europe	-28.9344197076779	0.400003237523092	NA	NA	pSTRs
JU751	Europe	-26.2380820814441	3.40482358356484	NA	NA	pSTRs
JU774	Europe	-30.0608520161252	8.06110357403969	NA	NA	pSTRs
JU775	Europe	2.99324741852539	-15.9558585763717	NA	NA	pSTRs
JU778	Europe	-22.7226541341144	-1.89603119927954	NA	NA	pSTRs
JU782	Europe	-16.1235478949563	-14.1734684598766	NA	NA	pSTRs
JU792	Europe	-14.9839125130617	-21.8913977360079	NA	NA	pSTRs
JU830	Europe	-27.9429201885812	3.76475776086547	NA	NA	pSTRs
JU847	Europe	-20.3722054648093	-6.38253411802037	NA	NA	pSTRs
KR314	N. America	-29.22461324916	11.7662604900089	NA	NA	pSTRs
LKC34	Africa	-29.7808541448039	3.03777495582375	NA	NA	pSTRs
MY1	Europe	-29.2686052442091	10.7380261198896	NA	NA	pSTRs
MY10	Europe	-28.0442539592016	7.97050484848208	NA	NA	pSTRs
MY16	Europe	-14.4156103838453	-12.3961329078638	NA	NA	pSTRs
MY18	Europe	-20.48261573902	-2.37936352437486	NA	NA	pSTRs
MY2147	Europe	-21.7143078730074	-10.1637119783011	NA	NA	pSTRs
MY2212	Europe	-26.1277335505324	1.55561686338019	NA	NA	pSTRs
MY23	Europe	0.0271948064684655	-24.6664129648991	NA	NA	pSTRs
MY2453	Europe	-20.9422375685151	-12.1828116975122	NA	NA	pSTRs
MY2530	Europe	-42.7783505820278	16.207512444665	NA	NA	pSTRs
MY2535	Europe	-35.238854559891	7.92348753034919	NA	NA	pSTRs
MY2573	Europe	-24.6551713074051	-13.1229809900175	NA	NA	pSTRs
MY2585	Europe	-33.0057214833335	11.5028417747259	NA	NA	pSTRs
MY2693	Europe	-35.1505655385275	16.1685214854243	NA	NA	pSTRs
MY2713	Europe	-32.0900116721687	15.6483301285619	NA	NA	pSTRs
MY2741	Europe	-29.2131283528816	5.0230395014821	NA	NA	pSTRs
MY518	Europe	-30.6315316692068	11.895924550577	NA	NA	pSTRs
MY679	Europe	-33.6249556355571	19.1931916680921	NA	NA	pSTRs
MY772	Europe	-22.9594538589314	-8.79234287673759	NA	NA	pSTRs
MY795	Europe	-26.9843518720505	-0.437063785976698	NA	NA	pSTRs
MY920	Europe	-33.3389946454328	5.3293810244461	NA	NA	pSTRs
N2	Europe	-42.5812408359574	10.3813262359896	NA	NA	pSTRs
NIC1	Europe	-36.4906016751393	7.93019399197063	NA	NA	pSTRs
NIC1049	Europe	-24.4108097824116	-11.6146833311122	NA	NA	pSTRs
NIC1107	Europe	-25.3037287244946	-10.5825770576777	NA	NA	pSTRs
NIC1119	S. America	-29.0812291737867	6.94288264339537	NA	NA	pSTRs
NIC166	Europe	-19.8260994991538	-6.76997765741984	NA	NA	pSTRs
NIC1779	Atlantic	-31.1241899140023	5.76049828298843	NA	NA	pSTRs
NIC1780	Atlantic	-1.03126956204731	-17.8075279464637	NA	NA	pSTRs
NIC1782	Atlantic	-4.60376941536267	-19.780223422844	NA	NA	pSTRs
NIC1783	Atlantic	-3.84150956894456	-19.4179255435706	NA	NA	pSTRs
NIC1785	Atlantic	-1.54968217883949	-22.7828072358987	NA	NA	pSTRs
NIC1786	Atlantic	-3.0624787701271	-20.5347573460821	NA	NA	pSTRs
NIC1787	Atlantic	-2.98767813390392	-11.0474477996139	NA	NA	pSTRs
NIC1788	Atlantic	-3.80767623367192	-18.4784401222025	NA	NA	pSTRs
NIC1789	Atlantic	9.51094968206458	-28.8116582347299	NA	NA	pSTRs
NIC1790	Atlantic	2.04810961460816	-18.8036885788734	NA	NA	pSTRs
NIC1791	Atlantic	-0.0533602931050491	-17.987188118501	NA	NA	pSTRs
NIC1792	Atlantic	-3.72942260941927	-17.8771970459034	NA	NA	pSTRs
NIC1794	Atlantic	-3.72102904539842	-17.1831351917328	NA	NA	pSTRs
NIC1796	Atlantic	2.86655114784594	-20.818391770686	NA	NA	pSTRs
NIC1798	Atlantic	-0.456869853387617	-19.250204082866	NA	NA	pSTRs
NIC1799	Atlantic	-4.49775932747949	-19.839491732968	NA	NA	pSTRs
NIC1801	Atlantic	4.00571845906066	-15.5990600123725	NA	NA	pSTRs
NIC1802	Atlantic	-0.161373222688969	-16.7465448024601	NA	NA	pSTRs
NIC1805	Atlantic	-16.601128869815	0.26912470493919	NA	NA	pSTRs
NIC1806	Atlantic	-1.75569543560199	-14.9094272336418	NA	NA	pSTRs
NIC1808	Atlantic	-20.190129348996	-5.0231948028366	NA	NA	pSTRs
NIC1809	Atlantic	-22.5308476239389	3.49371240233055	NA	NA	pSTRs
NIC1810	Atlantic	-9.44606008275645	0.33348532392072	NA	NA	pSTRs
NIC1811	Atlantic	-18.2390183131948	4.74468480193683	NA	NA	pSTRs
NIC1812	Atlantic	-23.8804797030773	8.47508944270351	NA	NA	pSTRs
NIC1832	Europe	-21.7521703207836	-2.27269577189834	NA	NA	pSTRs
NIC195	Atlantic	-5.37158842727242	-5.16901418390384	NA	NA	pSTRs
NIC199	Atlantic	-2.23280242943544	-25.3985190819607	NA	NA	pSTRs
NIC2	Europe	-43.0435282731653	18.0400512440932	NA	NA	pSTRs
NIC207	Europe	-34.6099586083579	12.2769307269843	NA	NA	pSTRs
NIC231	Europe	-32.2232376679495	14.1130834020564	NA	NA	pSTRs
NIC236	Europe	-28.4940475783658	-1.91974330130695	NA	NA	pSTRs
NIC242	Europe	-32.3576703287342	-5.21301122021474	NA	NA	pSTRs
NIC251	Atlantic	18.903186790182	-26.8376275920895	NA	NA	pSTRs
NIC252	Atlantic	-9.47091103484024	-5.63549465623442	NA	NA	pSTRs
NIC255	Europe	-36.8892755133866	8.54352450061369	NA	NA	pSTRs
NIC256	Europe	-15.1015548835219	-9.36430062006962	NA	NA	pSTRs
NIC258	Europe	-2.05537439093366	-15.5104360966815	NA	NA	pSTRs
NIC259	Europe	-22.1531295759882	-5.67329774890431	NA	NA	pSTRs
NIC260	Europe	-13.7624620523526	-4.65877177303219	NA	NA	pSTRs
NIC261	Europe	-2.83394668372119	-17.4888641265908	NA	NA	pSTRs
NIC262	Europe	-4.87628030112574	-13.964439369463	NA	NA	pSTRs
NIC265	Europe	6.52198903931283	-26.7071761412064	NA	NA	pSTRs
NIC266	Europe	-16.0198838082558	-8.0650399165839	NA	NA	pSTRs
NIC267	Europe	-26.4908380350176	6.79500516553008	NA	NA	pSTRs
NIC268	Europe	-13.4116664123504	-3.89243968632756	NA	NA	pSTRs
NIC269	Europe	-12.880493907114	-11.0931483979334	NA	NA	pSTRs
NIC271	Europe	-13.4712235302117	-12.1341373784988	NA	NA	pSTRs
NIC272	Europe	-22.9370643314304	-2.97378127799261	NA	NA	pSTRs
NIC274	Europe	-23.9123814647143	1.14650783341243	NA	NA	pSTRs
NIC275	Europe	-30.9485839498282	10.1004703106335	NA	NA	pSTRs
NIC276	Europe	-24.5312170957856	3.57744872680066	NA	NA	pSTRs
NIC277	Europe	-30.9404284494231	-2.11254312649035	NA	NA	pSTRs
NIC3	Europe	-24.4136440435551	-6.24139632394075	NA	NA	pSTRs
NIC501	Europe	-11.519767130792	-17.1847813360104	NA	NA	pSTRs
NIC511	Europe	-25.7036781106992	-0.954750768463312	NA	NA	pSTRs
NIC513	Europe	-29.4809186779789	6.86756316864185	NA	NA	pSTRs
NIC514	Europe	-29.2253804784493	6.71878711301567	NA	NA	pSTRs
NIC515	Europe	-27.3249838151002	3.04731718799302	NA	NA	pSTRs
NIC522	Europe	-32.658216432656	4.08726750906193	NA	NA	pSTRs
NIC523	Europe	-15.956902113102	0.568430578594002	NA	NA	pSTRs
NIC526	Europe	-22.7568803969705	-1.52054883533399	NA	NA	pSTRs
NIC527	Europe	-21.9322992050007	-4.43204107773086	NA	NA	pSTRs
NIC528	Europe	-33.1565295618488	12.1780622912648	NA	NA	pSTRs
NIC529	Europe	-34.9549938340751	6.92589210189684	NA	NA	pSTRs
PB303	Unknown	-37.2679778030744	16.5645514307204	NA	NA	pSTRs
PS2025	N. America	-12.001518395907	-5.19785122047641	NA	NA	pSTRs
PX179	N. America	-39.3572899867826	16.4659688684942	NA	NA	pSTRs
QG2075	N. America	-20.7814545286947	4.85693776819619	NA	NA	pSTRs
QG2811	Australia	-26.6693773464854	0.783332967562516	NA	NA	pSTRs
QG2813	Australia	-30.6559552836232	8.1120789384613	NA	NA	pSTRs
QG2818	Australia	-36.0991147392311	22.8207575848159	NA	NA	pSTRs
QG2823	Australia	-35.5403844264169	17.0698495878892	NA	NA	pSTRs
QG2824	Australia	-31.6724266313256	18.0287789176742	NA	NA	pSTRs
QG2825	Australia	-36.0702664191274	15.832907671062	NA	NA	pSTRs
QG2827	Australia	-22.0705859162947	-2.07762610093513	NA	NA	pSTRs
QG2828	Australia	-30.8593384744525	3.46214907215938	NA	NA	pSTRs
QG2832	Australia	-22.9447859926432	1.6601461805683	NA	NA	pSTRs
QG2835	Australia	-28.2038390160183	10.6933784084665	NA	NA	pSTRs
QG2836	Australia	-27.1661898653089	7.48868378339999	NA	NA	pSTRs
QG2837	Australia	-24.5773453028656	6.60569277018219	NA	NA	pSTRs
QG2838	Australia	-26.7794498636438	7.53599288155608	NA	NA	pSTRs
QG2841	Australia	-20.2245773852772	-0.0675609489439287	NA	NA	pSTRs
QG2843	Australia	-36.7687813937398	17.6505574778166	NA	NA	pSTRs
QG2846	Australia	-15.9522458811038	-3.60010818677737	NA	NA	pSTRs
QG2850	Australia	-35.5146501110728	15.4273936578871	NA	NA	pSTRs
QG2854	Australia	-25.7456100486171	8.50806882096109	NA	NA	pSTRs
QG2855	Australia	-24.7044660221657	5.15552960132432	NA	NA	pSTRs
QG2857	Australia	-25.761005879966	10.4037966025117	NA	NA	pSTRs
QG2873	Australia	-28.2853770097678	9.42330331984346	NA	NA	pSTRs
QG2874	Australia	-29.633882754335	9.11727500236877	NA	NA	pSTRs
QG2875	Australia	-19.9150559691783	-3.98127240961868	NA	NA	pSTRs
QG2877	Australia	-29.2743869404756	7.65194635587815	NA	NA	pSTRs
QG2932	Australia	-31.1459635406535	13.6353159623916	NA	NA	pSTRs
QG4003	Australia	-34.5274970055155	9.50529863432864	NA	NA	pSTRs
QG4004	Australia	-36.4828773457026	11.1984659765332	NA	NA	pSTRs
QG4006	Australia	-38.4581215726064	19.6584306683121	NA	NA	pSTRs
QG4008	Australia	-36.6274042302354	13.2057739442035	NA	NA	pSTRs
QG4010	Australia	-33.4705359508185	3.11073553154193	NA	NA	pSTRs
QG4012	Australia	-23.8259986053357	2.43730097157526	NA	NA	pSTRs
QG4015	Australia	-31.6765145062146	9.10060867976086	NA	NA	pSTRs
QG4017	Australia	-34.6745382109787	18.2264286824704	NA	NA	pSTRs
QG4018	Australia	-34.9126263237144	4.77340644991968	NA	NA	pSTRs
QG4021	Australia	-30.6052253826661	12.4216755005574	NA	NA	pSTRs
QG4080	Australia	-16.0781362604064	-7.11382775617354	NA	NA	pSTRs
QG4103	Australia	-17.5200833779504	-4.0465171347806	NA	NA	pSTRs
QG4135	Australia	-18.4956221355522	0.0197364974429552	NA	NA	pSTRs
QG4138	Australia	-31.2750545927695	3.7304132271171	NA	NA	pSTRs
QG4151	Australia	-27.4986143677499	3.67866546416501	NA	NA	pSTRs
QG4193	Australia	-27.5162979754575	7.36673826535872	NA	NA	pSTRs
QG4226	Australia	-23.2579032244482	0.968936768629737	NA	NA	pSTRs
QG4228	Australia	-16.4785561202151	-2.81422918048928	NA	NA	pSTRs
QG536	N. America	-37.1819132626686	16.7739152049499	NA	NA	pSTRs
QG556	N. America	-14.6943834283083	-6.30185138426413	NA	NA	pSTRs
QG557	N. America	-20.0442670131209	3.48107410248874	NA	NA	pSTRs
QW947	S. America	-21.9127322956658	2.5957668314502	NA	NA	pSTRs
QX1211	N. America	87.9999352811256	-24.3026423167112	NA	NA	pSTRs
QX1212	N. America	-25.5845804469207	12.3298606471434	NA	NA	pSTRs
QX1233	N. America	-26.5133735445007	5.59643603489902	NA	NA	pSTRs
QX1791	Hawaii	1.14838864251984	-19.7741957683547	NA	NA	pSTRs
QX1792	Hawaii	-12.0559262026813	-8.05832933079112	NA	NA	pSTRs
QX1793	Hawaii	4.74242915806123	-18.1101554826003	NA	NA	pSTRs
QX1794	Hawaii	3.29841861271359	-23.5210846987986	NA	NA	pSTRs
RC301	Europe	-35.681106545995	16.7558784957313	NA	NA	pSTRs
TWN2530	Asia	-30.4032556914257	15.2323742854637	NA	NA	pSTRs
TWN2542	Asia	-31.8846675248449	15.8202829726186	NA	NA	pSTRs
WN2001	Europe	-13.3534961780651	-3.18277973185372	NA	NA	pSTRs
WN2002	Europe	-25.5616501286213	3.8009419861299	NA	NA	pSTRs
WN2033	Europe	-25.4889026422985	7.23648942238181	NA	NA	pSTRs
WN2050	Europe	-14.8771609860789	-11.3043150546335	NA	NA	pSTRs
WN2063	Europe	-27.4108427533076	3.96257538879056	NA	NA	pSTRs
WN2064	Europe	-31.7621879095422	2.70161976049949	NA	NA	pSTRs
WN2066	Europe	-28.7163962810972	-9.38407579904407	NA	NA	pSTRs
WN2068	Europe	-32.6048116063583	7.47891055475477	NA	NA	pSTRs
WN2069	Europe	-33.9527503286002	-4.02302493065781	NA	NA	pSTRs
WN2082	Europe	-23.6369416852892	-2.6586517931619	NA	NA	pSTRs
WN2086	Europe	-29.0312969701438	-1.25068277751183	NA	NA	pSTRs
XZ1513	Hawaii	0.180847099115236	-14.5018916196477	NA	NA	pSTRs
XZ1514	Hawaii	88.8266598727244	-28.5511860001619	NA	NA	pSTRs
XZ1515	Hawaii	-32.4821982439628	11.6717379763956	NA	NA	pSTRs
XZ1516	Hawaii	69.3127766724836	-6.31844157002074	NA	NA	pSTRs
XZ1672	N. America	-34.1293641418977	12.7539779991315	NA	NA	pSTRs
XZ1734	S. America	-27.5047655414862	6.12458541360832	NA	NA	pSTRs
XZ1735	S. America	-25.606694071989	5.77566930743526	NA	NA	pSTRs
XZ1756	N. America	-31.2015301737457	4.65240789821801	NA	NA	pSTRs
XZ2018	Unknown	-34.805993365661	12.3969440261633	NA	NA	pSTRs
XZ2019	N. America	9.17830206910443	-10.9362995821357	NA	NA	pSTRs
XZ2020	N. America	-26.5363922429675	1.60998648876765	NA	NA	pSTRs
XZ2211	Hawaii	-1.18286213039351	-11.0042411749592	NA	NA	pSTRs
AB1	Australia	-19.8206054721888	1.73292842460197	19.8	7.9	SNVs
BRC20067	Asia	-20.106794767115	2.01700150923999	NA	NA	SNVs
BRC20263	Australia	-17.09028086432	1.78798516224579	NA	NA	SNVs
CB4851	Europe	-18.2667242661075	1.89260627300819	NA	NA	SNVs
CB4852	Unknown	-21.02006774953	2.06527938177002	NA	NA	SNVs
CB4853	N. America	-19.1135607941194	1.55931727702352	NA	NA	SNVs
CB4854	N. America	-12.4249492258156	2.49251070088742	NA	NA	SNVs
CB4855	N. America	-17.1186407426536	1.25967690703969	NA	NA	SNVs
CB4856	Hawaii	-2.87520671862701	0.915240384038366	NA	NA	SNVs
CB4857	N. America	-19.1281447876598	1.54964965328406	NA	NA	SNVs
CB4858	N. America	-18.2227160739198	1.32016876234473	NA	NA	SNVs
CB4932	Europe	-22.3315264550278	3.00744285645811	NA	NA	SNVs
CX11254	N. America	-16.9756032639514	1.97599263886352	NA	NA	SNVs
CX11262	N. America	-13.3779460691574	0.942842045863773	NA	NA	SNVs
CX11264	N. America	-16.2553713361421	1.58676253241429	NA	NA	SNVs
CX11271	N. America	-19.5944202399154	2.34321427000966	NA	NA	SNVs
CX11276	N. America	-14.6950378601969	-0.369514063730393	NA	NA	SNVs
CX11285	N. America	-13.0987309973737	0.848437028271929	NA	NA	SNVs
CX11292	N. America	-19.6922016524673	1.72880814060078	NA	NA	SNVs
CX11307	N. America	-15.1198188034221	-0.464399186188286	NA	NA	SNVs
CX11314	N. America	-16.11845092791	0.963355699113612	NA	NA	SNVs
CX11315	N. America	-16.6171875421612	1.70378390371349	NA	NA	SNVs
DL200	Africa	-19.2628453753433	1.91274267358388	NA	NA	SNVs
DL226	N. America	-16.8637359005384	1.24460010613845	NA	NA	SNVs
DL238	Hawaii	-0.941200817157303	-0.136255615520244	NA	NA	SNVs
ECA1069	S. America	-18.5451885994155	1.86981665008372	NA	NA	SNVs
ECA1074	S. America	-19.1834128830618	1.7477442345479	NA	NA	SNVs
ECA1185	Hawaii	58.2064939843321	-58.2016627886206	NA	NA	SNVs
ECA1186	Hawaii	3.42386476781395	-4.20980467666334	NA	NA	SNVs
ECA1187	Hawaii	58.1613893142768	-57.114912769049	NA	NA	SNVs
ECA1191	Hawaii	57.9781874462406	-56.5034444374634	NA	NA	SNVs
ECA1192	Hawaii	55.9957155224377	-57.8140952609225	NA	NA	SNVs
ECA1193	Hawaii	56.7316450111049	-58.3791517471194	NA	NA	SNVs
ECA1194	Hawaii	58.9214231077586	-57.7917430016146	NA	NA	SNVs
ECA1195	Hawaii	57.3426475357231	-58.9490596608684	NA	NA	SNVs
ECA1196	Hawaii	56.9986796011424	-56.4181271114043	NA	NA	SNVs
ECA1200	Hawaii	-7.32201516821203	1.29178459210829	NA	NA	SNVs
ECA1202	Hawaii	80.8242220313294	49.1914910393609	NA	NA	SNVs
ECA1206	Hawaii	81.993045079954	50.6375315133196	NA	NA	SNVs
ECA1208	Hawaii	78.8007552229195	46.9183891463231	NA	NA	SNVs
ECA1212	Hawaii	78.5705418321157	47.6765893442233	NA	NA	SNVs
ECA1216	Hawaii	82.5218863064448	49.7543828118855	NA	NA	SNVs
ECA1223	Hawaii	82.4075106957393	49.6749736395276	NA	NA	SNVs
ECA1225	Hawaii	81.5526795004478	49.08838394034	NA	NA	SNVs
ECA1228	Hawaii	80.8372886481181	45.4543790475063	NA	NA	SNVs
ECA1229	Hawaii	78.6223501596339	42.1403646666612	NA	NA	SNVs
ECA1232	Hawaii	58.0249012327171	-56.4999128592684	NA	NA	SNVs
ECA1237	Hawaii	76.8680864431897	38.5600891530446	NA	NA	SNVs
ECA1238	Hawaii	57.7141786144449	-55.4164122870514	NA	NA	SNVs
ECA1240	Hawaii	59.4300767738858	-58.2207090041042	NA	NA	SNVs
ECA1242	Hawaii	58.0936877329641	-57.4327265793462	NA	NA	SNVs
ECA1243	Hawaii	-0.401622869171038	-0.670393029579344	NA	NA	SNVs
ECA1247	Hawaii	80.774398249457	47.0824538387721	NA	NA	SNVs
ECA1251	Hawaii	59.0912410627011	-57.9653123329816	NA	NA	SNVs
ECA1252	Hawaii	58.628720723179	-52.6743568594783	NA	NA	SNVs
ECA1253	Hawaii	57.7759046179171	-55.0500361307523	NA	NA	SNVs
ECA1255	Hawaii	-8.14039202966968	1.72350040730186	NA	NA	SNVs
ECA1257	Hawaii	-8.45919426206497	1.00378278074921	NA	NA	SNVs
ECA1260	Hawaii	1.22856821421447	-0.114234254945098	NA	NA	SNVs
ECA1261	Hawaii	77.2496608505449	44.9641623741266	NA	NA	SNVs
ECA1269	Hawaii	1.35763523645384	-0.381927969456808	NA	NA	SNVs
ECA1271	Hawaii	-0.306698268025346	-0.747796549369252	NA	NA	SNVs
ECA1276	Hawaii	79.7887365315085	45.7576965424035	NA	NA	SNVs
ECA1278	Hawaii	79.7474644069682	45.8675747654707	NA	NA	SNVs
ECA1281	Hawaii	81.4786633748303	47.5543518095151	NA	NA	SNVs
ECA1283	Hawaii	83.5780548988258	50.4823057665543	NA	NA	SNVs
ECA1284	Hawaii	80.5575786511777	46.3186185451392	NA	NA	SNVs
ECA1286	Hawaii	78.7296519455654	44.8959450949445	NA	NA	SNVs
ECA1287	Hawaii	58.9920933643487	32.4977933685784	NA	NA	SNVs
ECA1288	Hawaii	-0.429454471199432	-1.84997562215641	NA	NA	SNVs
ECA1289	Hawaii	77.6880324828121	44.0207360093183	NA	NA	SNVs
ECA1293	Hawaii	82.1962583195645	48.0443502326052	NA	NA	SNVs
ECA1298	Hawaii	-1.35500645957852	-0.346608876888848	NA	NA	SNVs
ECA1316	N. America	-18.0044455972942	1.62583611705918	NA	NA	SNVs
ECA1409	Hawaii	64.435270262459	18.791006349384	NA	NA	SNVs
ECA1413	Hawaii	-10.5171204503262	2.2321816625424	NA	NA	SNVs
ECA1493	Hawaii	50.5719188691363	-12.9381759398591	NA	NA	SNVs
ECA1693	Hawaii	21.882136105023	-25.2483369930273	NA	NA	SNVs
ECA1713	Hawaii	50.2599551453154	-13.0356359395824	NA	NA	SNVs
ECA1717	Hawaii	57.5339113102686	-56.4774992881267	NA	NA	SNVs
ECA1725	Hawaii	49.6697306115302	-31.875821240784	NA	NA	SNVs
ECA1751	Hawaii	61.0490645071301	31.0546345829898	NA	NA	SNVs
ECA1757	Hawaii	-8.13085999897594	2.19228839234713	NA	NA	SNVs
ECA1761	Hawaii	55.7427525840159	-51.4593080149785	NA	NA	SNVs
ECA1769	Hawaii	69.2339925756817	35.4012198420776	NA	NA	SNVs
ECA1793	Hawaii	57.1150492830415	-53.8139655945005	NA	NA	SNVs
ECA1805	Hawaii	-6.76565850754683	0.435147813399953	NA	NA	SNVs
ECA1807	Hawaii	0.527940131385558	-0.973380145852953	NA	NA	SNVs
ECA1815	Hawaii	-3.29556829559171	-0.456025818036016	NA	NA	SNVs
ECA1821	Hawaii	59.3659834837936	-56.0535739615926	NA	NA	SNVs
ECA1825	Hawaii	51.288883168382	-45.1133630583805	NA	NA	SNVs
ECA1843	Hawaii	57.7181563407279	-54.1839706083755	NA	NA	SNVs
ECA1851	Hawaii	55.3156067439737	-41.3336097848177	NA	NA	SNVs
ECA1853	Hawaii	-8.74971687974589	2.24316542643827	NA	NA	SNVs
ECA1875	Hawaii	-7.43132087550919	1.56693009657329	NA	NA	SNVs
ECA1885	Hawaii	57.967874217992	-59.8239510156596	NA	NA	SNVs
ECA1887	Hawaii	-8.40202974307282	2.23534926004206	NA	NA	SNVs
ECA1889	Hawaii	-6.81791714336208	2.71557592022862	NA	NA	SNVs
ECA189	Hawaii	-4.60627886499546	2.2437340841642	NA	NA	SNVs
ECA1891	Hawaii	72.6190444629787	43.5034615199589	NA	NA	SNVs
ECA1901	Hawaii	-10.1399311707217	0.889920822215173	NA	NA	SNVs
ECA191	Hawaii	77.8556942097134	41.4098452306116	NA	NA	SNVs
ECA1919	Hawaii	82.7954042164386	48.082761640883	NA	NA	SNVs
ECA1925	Hawaii	56.7560153069203	-39.2022050002323	NA	NA	SNVs
ECA1937	Hawaii	0.297446431804245	-0.769175004696895	NA	NA	SNVs
ECA1939	Hawaii	0.14019418424405	-0.987875013569005	NA	NA	SNVs
ECA1943	Hawaii	0.34424211289416	-1.10837028410967	NA	NA	SNVs
ECA1969	Hawaii	83.4208662484323	47.7826728351627	NA	NA	SNVs
ECA1977	Hawaii	-0.45500396858665	-0.313269968523254	NA	NA	SNVs
ECA1997	Hawaii	84.0642860710382	51.1060510570921	NA	NA	SNVs
ECA2041	Hawaii	-6.73705697755759	0.998936755302876	NA	NA	SNVs
ECA2043	Hawaii	59.4196072419702	-56.9526992618289	NA	NA	SNVs
ECA2073	Hawaii	82.1155701426586	49.5985609665831	NA	NA	SNVs
ECA2081	Hawaii	82.362007050195	46.3782758335336	NA	NA	SNVs
ECA2091	Hawaii	37.2483535317036	-12.4147313010122	NA	NA	SNVs
ECA2109	Hawaii	56.39814763963	-49.808432796659	NA	NA	SNVs
ECA2111	Hawaii	-1.68832800627214	-0.830372103017047	NA	NA	SNVs
ECA2119	Hawaii	8.08454332813261	-5.19291798971475	NA	NA	SNVs
ECA2151	Hawaii	27.3073625889924	14.0089126691055	NA	NA	SNVs
ECA2155	Hawaii	49.4568496417071	-29.7866783344495	NA	NA	SNVs
ECA2159	Hawaii	49.085835281622	-30.7703194437873	NA	NA	SNVs
ECA2183	Hawaii	59.1449563225091	-44.5459922889185	NA	NA	SNVs
ECA2187	Hawaii	56.6596820846888	-52.1175086204859	NA	NA	SNVs
ECA2191	Hawaii	50.1795057908308	-14.4245111317116	NA	NA	SNVs
ECA2195	Hawaii	50.2547849595516	-13.2728008318373	NA	NA	SNVs
ECA2199	Hawaii	45.9081671269874	-10.8940799916661	NA	NA	SNVs
ECA2251	Hawaii	82.8674314223061	46.2624715863503	NA	NA	SNVs
ECA2281	Hawaii	57.0931702564805	-50.1877857840562	NA	NA	SNVs
ECA2291	Hawaii	60.0556344304847	-54.8295494900666	NA	NA	SNVs
ECA2332	Hawaii	-3.63944328625353	3.36374262713324	NA	NA	SNVs
ECA2334	Hawaii	53.1672259595959	-44.1057236843943	NA	NA	SNVs
ECA2336	Hawaii	58.4717559351622	-52.549483583352	NA	NA	SNVs
ECA2344	Hawaii	-6.81122889098049	0.491233134389755	NA	NA	SNVs
ECA2350	Hawaii	-6.12982513757448	0.458315186012579	NA	NA	SNVs
ECA2360	Hawaii	60.0500692775612	-56.683735825435	NA	NA	SNVs
ECA2367	Hawaii	57.7679327270292	-53.3179615809885	NA	NA	SNVs
ECA2377	Hawaii	-0.11549545630273	-1.9272443260375	NA	NA	SNVs
ECA2417	Hawaii	83.9839474226089	47.8863058979818	NA	NA	SNVs
ECA2437	Hawaii	3.15238146120627	1.86346519538902	NA	NA	SNVs
ECA2443	Hawaii	82.8652885760651	48.3530903910256	NA	NA	SNVs
ECA2452	Hawaii	-0.482304998168382	-1.14730421427473	NA	NA	SNVs
ECA2467	Hawaii	0.395677504284271	-1.76297869490759	NA	NA	SNVs
ECA2473	Hawaii	84.6340386845018	50.7725256448065	NA	NA	SNVs
ECA2475	Hawaii	75.1527698085032	40.2991965100166	NA	NA	SNVs
ECA2481	Hawaii	-0.162572108134796	-0.788334338209639	NA	NA	SNVs
ECA2482	Hawaii	84.9160725227428	48.8958735131829	NA	NA	SNVs
ECA2489	Hawaii	83.3913807689319	50.3912026360608	NA	NA	SNVs
ECA2522	N. America	-15.1258004814891	0.854507536171992	NA	NA	SNVs
ECA2523	N. America	-8.32719265543317	1.87103080390509	NA	NA	SNVs
ECA2527	N. America	-11.9894457880393	0.439839832025462	NA	NA	SNVs
ECA2529	N. America	-15.9767627621485	0.83464600538082	NA	NA	SNVs
ECA2533	N. America	-10.2569642013129	0.197491347998053	NA	NA	SNVs
ECA2536	N. America	-16.0368943772004	0.84612482252917	NA	NA	SNVs
ECA2546	Australia	-19.3745414421921	1.09920095338681	NA	NA	SNVs
ECA2549	Australia	-20.8463758161249	3.24599117591551	NA	NA	SNVs
ECA2551	Australia	-17.1906557426314	0.449049266880675	NA	NA	SNVs
ECA2554	Australia	-21.2573051993127	2.76679579567059	NA	NA	SNVs
ECA2555	Australia	-18.2549442575326	2.12847016649031	NA	NA	SNVs
ECA2559	Australia	-19.1337310252812	0.919737150407141	NA	NA	SNVs
ECA2560	Australia	-20.2409151304974	1.97679238574212	NA	NA	SNVs
ECA2561	Australia	-1.49736297624505	-6.23652457294276	NA	NA	SNVs
ECA2565	Australia	-21.7201415238584	2.2544116905785	NA	NA	SNVs
ECA2568	Australia	-21.2781742099174	2.5573644872897	NA	NA	SNVs
ECA2581	Australia	32.3211383877203	-33.0777425286589	NA	NA	SNVs
ECA2583	Australia	-19.8767287504119	2.33946132861449	NA	NA	SNVs
ECA2584	Australia	-15.3286441050503	-1.74350144334708	NA	NA	SNVs
ECA2594	Australia	-19.4591097035636	1.49386293610953	NA	NA	SNVs
ECA2595	Australia	4.00282712103751	-8.70497829382061	NA	NA	SNVs
ECA2601	Australia	6.40270455264336	-8.71744258781558	NA	NA	SNVs
ECA2602	Australia	-20.049695857851	2.10901473709627	NA	NA	SNVs
ECA2603	Australia	-20.4095081460688	1.83304956110571	NA	NA	SNVs
ECA2607	Australia	-18.1465872872104	1.7956812044364	NA	NA	SNVs
ECA2609	Australia	-19.1242899377431	2.02945690000265	NA	NA	SNVs
ECA2612	Australia	-7.1821831875453	-3.14104998421002	NA	NA	SNVs
ECA2615	Australia	-21.8841365370825	2.24540374505791	NA	NA	SNVs
ECA2641	Australia	-19.7793530012979	2.81951493503414	NA	NA	SNVs
ECA2648	Australia	-17.2349571004616	1.06014573237676	NA	NA	SNVs
ECA2656	Australia	-20.5453505994036	1.6054536874061	NA	NA	SNVs
ECA2659	Australia	-1.93247140670329	-7.00038740453164	NA	NA	SNVs
ECA2660	Australia	-1.94413516722969	-7.01382065604544	NA	NA	SNVs
ECA2672	Australia	-16.9216302855737	0.456211349429558	NA	NA	SNVs
ECA2676	Australia	-16.8498250924023	0.360899548875131	NA	NA	SNVs
ECA347	Hawaii	57.6213595304012	-57.5295676057675	NA	NA	SNVs
ECA348	N. America	-9.61886122167333	0.538151259547139	NA	NA	SNVs
ECA349	N. America	-16.9350382841028	1.80544230029542	NA	NA	SNVs
ECA36	New Zealand	59.3363067806914	-58.4664571308657	NA	NA	SNVs
ECA363	Hawaii	59.7408395404469	-56.7247284101555	NA	NA	SNVs
ECA369	Hawaii	5.51540595810776	-2.99407149349968	NA	NA	SNVs
ECA372	Hawaii	-11.3953170346771	1.32158040640943	NA	NA	SNVs
ECA396	Hawaii	80.3904544943273	42.3897815810385	NA	NA	SNVs
ECA592	N. America	-8.10365332496593	1.30876880604341	NA	NA	SNVs
ECA593	N. America	-1.09063727874824	1.10409672598086	NA	NA	SNVs
ECA594	N. America	-13.0321978433492	1.80191951440244	NA	NA	SNVs
ECA640	N. America	-13.3905010195971	0.41370325146015	NA	NA	SNVs
ECA701	Hawaii	37.7516461241815	-8.0298901815746	NA	NA	SNVs
ECA703	Hawaii	8.3137530710727	11.1957539875027	NA	NA	SNVs
ECA705	Hawaii	-3.14677762863274	-0.739387344815746	NA	NA	SNVs
ECA706	Hawaii	-3.87906198556467	1.60868624967064	NA	NA	SNVs
ECA710	Hawaii	-8.60042543328513	0.910014285256041	NA	NA	SNVs
ECA712	Hawaii	-7.68216398741626	1.17244682532296	NA	NA	SNVs
ECA722	Hawaii	77.8088400858369	36.9076649910565	NA	NA	SNVs
ECA723	Hawaii	76.9438463376279	38.6032556827975	NA	NA	SNVs
ECA724	Hawaii	44.7544340876357	-48.7270942750948	NA	NA	SNVs
ECA730	Hawaii	75.8489310374715	40.8820694255867	NA	NA	SNVs
ECA732	Hawaii	-1.27575985073509	-1.37082619073645	NA	NA	SNVs
ECA733	Hawaii	-1.90929152986088	-0.786274759799445	NA	NA	SNVs
ECA738	Hawaii	-7.39082008820845	0.203580270900529	NA	NA	SNVs
ECA740	Hawaii	58.5833106759202	-54.419457321362	NA	NA	SNVs
ECA741	Hawaii	60.5056714122562	-56.3741161892871	NA	NA	SNVs
ECA742	Hawaii	60.0266000798881	-56.2018746178972	NA	NA	SNVs
ECA743	Hawaii	-1.15351920583392	-2.75721248932288	NA	NA	SNVs
ECA744	Hawaii	80.7787952466922	50.8710092563033	NA	NA	SNVs
ECA745	Hawaii	78.6754000201312	46.4755149401394	NA	NA	SNVs
ECA746	Hawaii	76.7017208742053	43.4189785884018	NA	NA	SNVs
ECA760	Hawaii	-4.34399806448815	0.354574384391629	NA	NA	SNVs
ECA768	Hawaii	-4.44397885768106	0.825858940852491	NA	NA	SNVs
ECA777	Hawaii	-4.42026184874052	0.409916656720981	NA	NA	SNVs
ECA778	Hawaii	-7.71535298530828	0.405072103387459	NA	NA	SNVs
ECA807	Hawaii	0.288325749562139	3.97366021178966	NA	NA	SNVs
ECA812	Hawaii	-7.17513392498325	1.36067354578652	NA	NA	SNVs
ECA923	Hawaii	-12.592184045126	0.833510228491515	NA	NA	SNVs
ECA928	Hawaii	-12.9269184348352	1.16904054702712	NA	NA	SNVs
ECA930	Asia	-18.0030695404946	1.7917794577829	NA	NA	SNVs
ED3005	Europe	-17.6247040244633	1.76269347745151	NA	NA	SNVs
ED3011	Europe	-19.2413460972188	1.85631606026182	NA	NA	SNVs
ED3012	Europe	-21.0938090308132	2.24525171486451	NA	NA	SNVs
ED3017	Europe	-21.0887304029937	2.31601546609921	NA	NA	SNVs
ED3040	Africa	-20.117723120724	2.81390650951474	NA	NA	SNVs
ED3046	Africa	-19.2217988130399	2.52911406670517	NA	NA	SNVs
ED3048	Africa	-20.2324579269474	1.50241413017185	NA	NA	SNVs
ED3049	Africa	-19.2763968776614	2.54449476996172	NA	NA	SNVs
ED3052	Africa	-20.3971093000665	1.66627103810763	NA	NA	SNVs
ED3073	Africa	-19.7965618540452	2.27096657674993	NA	NA	SNVs
ED3077	Africa	-18.3016545570876	1.17654881004994	NA	NA	SNVs
EG4347	N. America	-21.2548517441827	2.14220219396328	NA	NA	SNVs
EG4349	N. America	-19.2837331318642	2.23318970739492	NA	NA	SNVs
EG4724	Europe	-15.8286731987552	1.37023521806107	NA	NA	SNVs
EG4725	Europe	-10.3319587522197	-0.876548050537341	NA	NA	SNVs
EG4946	N. America	-19.7788378181424	2.04717434027887	NA	NA	SNVs
GXW1	Asia	-20.3200648205034	2.33183907214052	NA	NA	SNVs
JR4305	N. America	-11.4559775270689	1.11011461766796	NA	NA	SNVs
JT11398	N. America	-20.8195287886147	2.46081962395157	NA	NA	SNVs
JU1088	Asia	-19.378137457955	1.56459776947137	NA	NA	SNVs
JU1172	S. America	-17.7165130989195	1.39307862082977	NA	NA	SNVs
JU1200	Europe	-22.2696906429579	2.67048756683343	NA	NA	SNVs
JU1212	Europe	-17.8787097605809	2.0246233958957	NA	NA	SNVs
JU1213	Europe	-18.7885370345197	2.08293631976264	NA	NA	SNVs
JU1242	Europe	-18.0696326991995	1.16211948697491	NA	NA	SNVs
JU1246	Europe	-16.5623075703816	1.14254847026226	NA	NA	SNVs
JU1249	Europe	-21.5502071501641	2.05511298565616	NA	NA	SNVs
JU1395	Europe	-21.4504316929552	2.1188588300307	NA	NA	SNVs
JU1400	Europe	-15.4825150097801	0.598132874110496	NA	NA	SNVs
JU1409	Europe	-20.6299107680682	2.73944330534102	NA	NA	SNVs
JU1440	Europe	-20.68731037118	2.72681753405097	NA	NA	SNVs
JU1491	Europe	-20.5092685103387	2.46981954903642	NA	NA	SNVs
JU1530	Europe	-20.0286300220576	2.27786648678429	NA	NA	SNVs
JU1543	Europe	-21.422892125701	1.93529216151972	NA	NA	SNVs
JU1568	Europe	-21.8427018041278	2.67463440777489	NA	NA	SNVs
JU1581	Europe	-18.5588492233148	1.78775622679279	NA	NA	SNVs
JU1586	Europe	-22.4084083642865	2.61281133193626	NA	NA	SNVs
JU1652	S. America	-15.0996446536997	1.32971086587428	NA	NA	SNVs
JU1666	Europe	-17.6350750520275	2.03445057086754	NA	NA	SNVs
JU1792	Europe	-21.2984029264755	2.9473485642517	NA	NA	SNVs
JU1793	Europe	-17.003701127566	1.44515090656053	NA	NA	SNVs
JU1808	Europe	-21.6056082520848	2.59911173845327	NA	NA	SNVs
JU1896	Europe	-16.1539077590102	2.10640149395244	NA	NA	SNVs
JU1934	Europe	-20.0089245768387	2.16478185010007	NA	NA	SNVs
JU2001	Africa	-14.5855047331122	1.09866574895246	NA	NA	SNVs
JU2007	Europe	-19.5576266017011	1.76054920240196	NA	NA	SNVs
JU2016	N. America	-19.4478977460563	1.61696728656785	NA	NA	SNVs
JU2017	N. America	-15.313624118087	2.06552346623823	NA	NA	SNVs
JU2106	Europe	-18.0757196756287	1.72220026480677	NA	NA	SNVs
JU2131	Europe	-18.6469398721978	1.88663814441791	NA	NA	SNVs
JU2141	Europe	-20.3803548276741	2.70911177592371	NA	NA	SNVs
JU2234	Europe	-15.047090058542	0.758049011525048	NA	NA	SNVs
JU2250	Europe	-19.7463697052166	1.94380291104653	NA	NA	SNVs
JU2257	Europe	-20.9516450030028	2.17326115107923	NA	NA	SNVs
JU2316	Europe	-5.76471892020402	-1.9107912425907	NA	NA	SNVs
JU2464	S. America	-16.8867485713919	-0.912179947380131	NA	NA	SNVs
JU2466	S. America	-20.1711593433395	1.87692741315649	NA	NA	SNVs
JU2478	Europe	-20.9221862091311	1.46114472287395	NA	NA	SNVs
JU2513	Europe	-17.5490220151955	1.19081467121488	NA	NA	SNVs
JU2519	Europe	-14.6533189662332	1.21975063397257	NA	NA	SNVs
JU2522	Europe	-19.3478134285102	2.64835371575396	NA	NA	SNVs
JU2526	Europe	-6.63844521196606	-0.685804797637121	NA	NA	SNVs
JU2534	Europe	-21.7156217097745	2.23722854240046	NA	NA	SNVs
JU2565	Europe	-21.0486466233133	2.49627191804341	NA	NA	SNVs
JU2566	Europe	-21.1129534499218	2.14113535225483	NA	NA	SNVs
JU2570	Europe	-20.2037532373973	1.5957388205382	NA	NA	SNVs
JU2572	Europe	-21.8574412466789	2.16035433062151	NA	NA	SNVs
JU2575	Europe	-22.3740997186893	2.79486980689511	NA	NA	SNVs
JU2576	Europe	-17.4943306401878	1.91131573538847	NA	NA	SNVs
JU2578	Europe	-18.9746940808704	2.10028525700413	NA	NA	SNVs
JU258	Atlantic	-12.1524174341399	1.35760611590814	NA	NA	SNVs
JU2581	Europe	-17.0257183867004	2.13950732527936	NA	NA	SNVs
JU2586	Europe	-17.4963311244949	1.88027784371381	NA	NA	SNVs
JU2587	Europe	-17.6781928915058	1.94209052344119	NA	NA	SNVs
JU2592	Europe	-19.8311933518676	2.65460771482423	NA	NA	SNVs
JU2593	Europe	-17.8817954717453	2.63491993068579	NA	NA	SNVs
JU2600	Europe	-19.729215074544	2.09989969836628	NA	NA	SNVs
JU2610	Europe	-19.6666110851452	2.20671597961098	NA	NA	SNVs
JU2619	N. America	-19.4650889267205	3.12835335243755	NA	NA	SNVs
JU2800	Europe	-17.5548345771948	1.46471678970416	NA	NA	SNVs
JU2811	Australia	-15.9489448476787	1.69191657945911	NA	NA	SNVs
JU2825	Europe	-19.1152368655843	1.69742471654157	NA	NA	SNVs
JU2829	Europe	-15.6683867235342	2.13280081206976	NA	NA	SNVs
JU2838	N. America	-15.181507286644	1.19361687808154	NA	NA	SNVs
JU2841	New Zealand	-15.7869305709334	1.39525269216313	NA	NA	SNVs
JU2853	Europe	-19.6295481540664	1.70081250440594	NA	NA	SNVs
JU2862	Europe	-19.9298081045566	1.54486694954901	NA	NA	SNVs
JU2866	N. America	-17.3696872396868	1.55911159552089	NA	NA	SNVs
JU2878	N. America	-14.6422035734996	-0.821181067957243	NA	NA	SNVs
JU2879	N. America	-13.9134369308294	1.8988095749232	NA	NA	SNVs
JU2906	Europe	-21.9445625048429	2.84591577288803	NA	NA	SNVs
JU2907	Europe	-22.533821425192	3.03883824404118	NA	NA	SNVs
JU310	Europe	-20.1607703391107	2.21428974577044	NA	NA	SNVs
JU311	Europe	-20.4664034589874	2.8389979719204	NA	NA	SNVs
JU3125	Europe	-21.275889954553	2.4650770206102	NA	NA	SNVs
JU3127	Europe	-19.9274549172107	2.40162718263845	NA	NA	SNVs
JU3128	Europe	-19.5205761828738	2.60699002648605	NA	NA	SNVs
JU3132	Europe	-21.3286233631065	2.89208616751632	NA	NA	SNVs
JU3134	Europe	-18.9743415067327	1.98717261863679	NA	NA	SNVs
JU3135	Europe	-17.7394977236211	1.88032487339622	NA	NA	SNVs
JU3137	Europe	-16.2168687596009	2.48748895843053	NA	NA	SNVs
JU3140	Europe	-18.8318589782686	1.83256756397184	NA	NA	SNVs
JU3141	Europe	-21.4395076623796	2.614808804474	NA	NA	SNVs
JU3144	Africa	-19.469796594851	2.22327771764608	NA	NA	SNVs
JU3166	Atlantic	-13.3565206716452	0.324439295180114	NA	NA	SNVs
JU3167	Atlantic	-14.1969018153027	1.30408119781441	NA	NA	SNVs
JU3169	Atlantic	-11.934513483623	1.39402166203623	NA	NA	SNVs
JU3224	New Zealand	-13.3648003830976	-1.28948665170182	NA	NA	SNVs
JU3225	New Zealand	-18.6532116068871	1.65826569273124	NA	NA	SNVs
JU3226	New Zealand	59.3028950404773	-58.4573783462752	NA	NA	SNVs
JU3228	New Zealand	-11.158853072191	-4.78308425292569	NA	NA	SNVs
JU323	Europe	-20.9320794678785	1.94435175325132	NA	NA	SNVs
JU3280	Europe	-15.1176540992567	1.08855488346472	NA	NA	SNVs
JU3282	Europe	-18.5801211991303	1.20752696556366	NA	NA	SNVs
JU3291	Europe	-19.385640776308	2.00258847507131	NA	NA	SNVs
JU3318	Asia	-17.7099003618505	1.12861127152134	NA	NA	SNVs
JU346	Europe	-20.2931482371421	1.73698760937082	NA	NA	SNVs
JU360	Europe	-20.6577686868168	2.93387782691649	NA	NA	SNVs
JU367	Europe	-21.4281096273877	2.45607009168182	NA	NA	SNVs
JU3795	Europe	-19.0276020414359	1.83321613047693	NA	NA	SNVs
JU393	Europe	-21.8140435829713	2.63992190290838	NA	NA	SNVs
JU394	Europe	-18.6393817843263	1.7165713870602	NA	NA	SNVs
JU397	Europe	-21.5849935043095	2.86558136644112	NA	NA	SNVs
JU4047	Asia	-13.6438549355855	1.4521531757066	NA	NA	SNVs
JU406	Europe	-20.4049905670446	2.529336081155	NA	NA	SNVs
JU4073	Asia	-19.6684756264454	1.92795586143269	NA	NA	SNVs
JU4082	Asia	-8.33143689791392	1.86352378980598	NA	NA	SNVs
JU4098	Asia	-19.3658263887695	2.03183251139971	NA	NA	SNVs
JU440	Europe	-20.8607856682109	2.30677100730875	NA	NA	SNVs
JU561	Europe	-20.4268581972348	2.09470024751535	NA	NA	SNVs
JU642	Europe	-20.2677634490065	2.52946593202479	NA	NA	SNVs
JU751	Europe	-20.84076436095	2.70820106904596	NA	NA	SNVs
JU774	Europe	-19.9927788320584	2.50628845325566	NA	NA	SNVs
JU775	Europe	-10.0284701798047	0.948696829835672	NA	NA	SNVs
JU778	Europe	-18.5839742791945	2.65965165734408	NA	NA	SNVs
JU782	Europe	-17.0707777221085	2.22905486617889	NA	NA	SNVs
JU792	Europe	-19.6815368121083	1.87754121075875	NA	NA	SNVs
JU830	Europe	-21.1613952960485	2.54123058177894	NA	NA	SNVs
JU847	Europe	-19.6972328891299	1.74362839770018	NA	NA	SNVs
KR314	N. America	-16.8013227905998	1.49487476942819	NA	NA	SNVs
LKC34	Africa	-20.8253325564315	2.46733829811345	NA	NA	SNVs
MY1	Europe	-16.2472098155975	-0.363767338051002	NA	NA	SNVs
MY10	Europe	-17.2387860641659	0.9292339156659	NA	NA	SNVs
MY16	Europe	-12.532578970158	2.59920330443335	NA	NA	SNVs
MY18	Europe	-17.8378363681357	2.25288052997114	NA	NA	SNVs
MY2147	Europe	-19.5282826198869	2.23474202823003	NA	NA	SNVs
MY2212	Europe	-18.977108312411	2.99516048675443	NA	NA	SNVs
MY23	Europe	-8.33012157507419	1.87145210768119	NA	NA	SNVs
MY2453	Europe	-19.2800702407935	2.38406097135341	NA	NA	SNVs
MY2530	Europe	-19.4587408370195	1.59592900099423	NA	NA	SNVs
MY2535	Europe	-20.1164746627889	1.99551847510471	NA	NA	SNVs
MY2573	Europe	-20.0697405140975	2.0394814814113	NA	NA	SNVs
MY2585	Europe	-17.7626685775658	1.28766214507154	NA	NA	SNVs
MY2693	Europe	-18.7452908835995	1.67591381551151	NA	NA	SNVs
MY2713	Europe	-18.0912395685282	1.89960475557837	NA	NA	SNVs
MY2741	Europe	-17.0853873651164	1.4814455492061	NA	NA	SNVs
MY518	Europe	-17.1846674905955	1.42745538712807	NA	NA	SNVs
MY679	Europe	-18.4681823920808	1.4223779239382	NA	NA	SNVs
MY772	Europe	-21.4434530317085	2.77191964292168	NA	NA	SNVs
MY795	Europe	-18.3159725484109	2.096581919247	NA	NA	SNVs
MY920	Europe	-19.7660105891384	1.76246145159591	NA	NA	SNVs
N2	Europe	-22.501147162117	2.546625521872	NA	NA	SNVs
NIC1	Europe	-21.2671209274052	1.60320004630515	NA	NA	SNVs
NIC1049	Europe	-19.6564182977419	1.86562906774569	NA	NA	SNVs
NIC1107	Europe	-21.3390926048947	2.53500144783477	NA	NA	SNVs
NIC1119	S. America	-18.5047031094212	1.5991558571587	NA	NA	SNVs
NIC166	Europe	-18.8763330945513	2.390084000151	NA	NA	SNVs
NIC1779	Atlantic	-18.2459845836285	2.13097479987402	NA	NA	SNVs
NIC1780	Atlantic	-9.45642943343223	1.29225788505004	NA	NA	SNVs
NIC1782	Atlantic	-15.1136994731251	1.75117146854982	NA	NA	SNVs
NIC1783	Atlantic	-15.8524883143623	1.67779090194818	NA	NA	SNVs
NIC1785	Atlantic	-11.5313273849525	1.03973998383	NA	NA	SNVs
NIC1786	Atlantic	-14.1675199340776	1.84945619458937	NA	NA	SNVs
NIC1787	Atlantic	-8.46092967981568	2.12875371194361	NA	NA	SNVs
NIC1788	Atlantic	-14.4915524634059	1.80373319697011	NA	NA	SNVs
NIC1789	Atlantic	-7.45725848496034	1.03841215819585	NA	NA	SNVs
NIC1790	Atlantic	-9.83890404983424	1.241136350852	NA	NA	SNVs
NIC1791	Atlantic	-13.737514871032	1.33610874828369	NA	NA	SNVs
NIC1792	Atlantic	-13.2006392536873	1.78649916705919	NA	NA	SNVs
NIC1794	Atlantic	-13.1034085231181	1.08724087906319	NA	NA	SNVs
NIC1796	Atlantic	-13.4193276394188	2.26063994869867	NA	NA	SNVs
NIC1798	Atlantic	-8.27518801307337	0.642027732064502	NA	NA	SNVs
NIC1799	Atlantic	-14.8859039119798	1.63843166532588	NA	NA	SNVs
NIC1801	Atlantic	-10.2895265518217	2.15959470396596	NA	NA	SNVs
NIC1802	Atlantic	-12.3863258085357	2.24798011251566	NA	NA	SNVs
NIC1805	Atlantic	-14.8346276157382	1.62420623946955	NA	NA	SNVs
NIC1806	Atlantic	-8.74474739299855	2.16833065664868	NA	NA	SNVs
NIC1808	Atlantic	-15.5812644401634	1.81207310077015	NA	NA	SNVs
NIC1809	Atlantic	-15.5346145805711	1.28254018212646	NA	NA	SNVs
NIC1810	Atlantic	-9.25324124643944	1.61198548087306	NA	NA	SNVs
NIC1811	Atlantic	-14.4123472942979	1.85254751841486	NA	NA	SNVs
NIC1812	Atlantic	-15.1142304456173	0.480298577930083	NA	NA	SNVs
NIC1832	Europe	-20.283098381278	2.65414779505762	NA	NA	SNVs
NIC195	Atlantic	-12.5909982345763	1.52270636367819	NA	NA	SNVs
NIC199	Atlantic	-14.456665450829	1.00466509483736	NA	NA	SNVs
NIC2	Europe	-22.4239155601646	2.39471111166941	NA	NA	SNVs
NIC207	Europe	-21.5372114364492	2.49435114964176	NA	NA	SNVs
NIC231	Europe	-20.1388144662611	1.95075702062575	NA	NA	SNVs
NIC236	Europe	-19.1991008822971	2.10993704014237	NA	NA	SNVs
NIC242	Europe	-21.5374898614258	2.27429970595211	NA	NA	SNVs
NIC251	Atlantic	-1.49280768806846	-1.75729978426886	NA	NA	SNVs
NIC252	Atlantic	-14.7966988469523	1.7186416152854	NA	NA	SNVs
NIC255	Europe	-21.7534990456129	3.0357374357413	NA	NA	SNVs
NIC256	Europe	-16.3020520591693	1.48844524538049	NA	NA	SNVs
NIC258	Europe	-11.846423030028	-0.473277944912152	NA	NA	SNVs
NIC259	Europe	-19.2881139657017	2.51549574902618	NA	NA	SNVs
NIC260	Europe	-12.1763274857875	-1.19884306109819	NA	NA	SNVs
NIC261	Europe	-13.9789539653153	1.75334433369125	NA	NA	SNVs
NIC262	Europe	-13.7778128304216	0.951902555436242	NA	NA	SNVs
NIC265	Europe	-6.5633732101631	-0.947202824340535	NA	NA	SNVs
NIC266	Europe	-13.755357307861	0.386808460105391	NA	NA	SNVs
NIC267	Europe	-18.7525156839743	1.71305948947854	NA	NA	SNVs
NIC268	Europe	-9.65356496331326	2.09748432147436	NA	NA	SNVs
NIC269	Europe	-18.9108729259952	1.78574366035942	NA	NA	SNVs
NIC271	Europe	-15.6696526623956	1.39728377806293	NA	NA	SNVs
NIC272	Europe	-17.4414567694692	1.15275812864571	NA	NA	SNVs
NIC274	Europe	-16.7479314125153	1.84040021744799	NA	NA	SNVs
NIC275	Europe	-18.8745808710034	1.32254008054295	NA	NA	SNVs
NIC276	Europe	-19.6305765067767	1.7939900470897	NA	NA	SNVs
NIC277	Europe	-21.5192875282537	2.55863927962929	NA	NA	SNVs
NIC3	Europe	-16.9772958057318	1.00602803653333	NA	NA	SNVs
NIC501	Europe	-17.8123265243092	1.87285161308287	NA	NA	SNVs
NIC511	Europe	-20.1809837189337	2.52576173430537	NA	NA	SNVs
NIC513	Europe	-18.338496182326	2.30765608800467	NA	NA	SNVs
NIC514	Europe	-19.6061659304343	2.48047200587588	NA	NA	SNVs
NIC515	Europe	-19.2289259543186	1.97080601903244	NA	NA	SNVs
NIC522	Europe	-19.9171487276425	2.78137424091166	NA	NA	SNVs
NIC523	Europe	-14.7296555498193	1.96934763023462	NA	NA	SNVs
NIC526	Europe	-17.0878778830058	1.97860975487741	NA	NA	SNVs
NIC527	Europe	-19.5396831360324	2.62644711190353	NA	NA	SNVs
NIC528	Europe	-19.4112503366303	2.20055901089459	NA	NA	SNVs
NIC529	Europe	-19.5800916401687	2.75616614605196	NA	NA	SNVs
PB303	Unknown	-18.8238794783089	1.45661897725784	NA	NA	SNVs
PB306	Unknown	-11.9536901790144	-0.292527130115614	NA	NA	SNVs
PS2025	N. America	-9.81736444358033	0.413487035750438	NA	NA	SNVs
PX179	N. America	-21.4388064270707	2.29057643369439	NA	NA	SNVs
QG2075	N. America	-15.8509121380399	1.12221859144832	NA	NA	SNVs
QG2811	Australia	-19.2392521825182	2.23329323716026	NA	NA	SNVs
QG2813	Australia	-17.3730248179974	1.14186312745518	NA	NA	SNVs
QG2818	Australia	-20.5008940640588	1.88941255280464	NA	NA	SNVs
QG2823	Australia	-21.5790475793452	2.55069439310515	NA	NA	SNVs
QG2824	Australia	-22.1347722034283	2.88167681484523	NA	NA	SNVs
QG2825	Australia	-21.991314715854	2.63857240530606	NA	NA	SNVs
QG2827	Australia	-17.7667269043362	1.85722235535422	NA	NA	SNVs
QG2828	Australia	-17.9162639991945	1.93862445756261	NA	NA	SNVs
QG2832	Australia	-17.6448078913874	2.45821526957179	NA	NA	SNVs
QG2835	Australia	-19.7076664438512	2.52591926251734	NA	NA	SNVs
QG2836	Australia	-19.2110849715997	2.26583928389512	NA	NA	SNVs
QG2837	Australia	-15.4412687768035	1.40305912268108	NA	NA	SNVs
QG2838	Australia	-14.8535981251666	1.14013981045753	NA	NA	SNVs
QG2841	Australia	-13.4818697698918	-2.3832294226924	NA	NA	SNVs
QG2843	Australia	-19.5798580715824	1.73278076921495	NA	NA	SNVs
QG2846	Australia	-15.0399469891254	1.27925373056336	NA	NA	SNVs
QG2850	Australia	-19.14686727564	1.61573460548928	NA	NA	SNVs
QG2854	Australia	-18.0497932995266	1.74257623305911	NA	NA	SNVs
QG2855	Australia	-17.4063797064849	1.64860092469581	NA	NA	SNVs
QG2857	Australia	-18.1014493315097	1.5163600614309	NA	NA	SNVs
QG2873	Australia	-15.3938553748566	1.16416371272628	NA	NA	SNVs
QG2874	Australia	-16.2547249214108	1.2476821154558	NA	NA	SNVs
QG2875	Australia	-18.1990409943393	1.37501298848777	NA	NA	SNVs
QG2877	Australia	-19.6910821492376	2.35035373506555	NA	NA	SNVs
QG2932	Australia	-19.5262265437647	2.14939072254643	NA	NA	SNVs
QG4003	Australia	-21.5245502702818	2.66335137047372	NA	NA	SNVs
QG4004	Australia	-21.0533593355417	2.79203935717824	NA	NA	SNVs
QG4006	Australia	-21.5103917175874	2.20673477620894	NA	NA	SNVs
QG4008	Australia	-19.7337147005731	2.23759189307134	NA	NA	SNVs
QG4010	Australia	-20.8663410525762	2.42315736541972	NA	NA	SNVs
QG4012	Australia	-18.3276937360843	2.41876755646882	NA	NA	SNVs
QG4015	Australia	-18.0190442016938	2.34983020384833	NA	NA	SNVs
QG4017	Australia	-20.6452899986458	2.19571704158158	NA	NA	SNVs
QG4018	Australia	-20.4176786709373	2.14032466948194	NA	NA	SNVs
QG4021	Australia	-17.6828271505995	1.63488565462123	NA	NA	SNVs
QG4080	Australia	-13.6925318537825	1.04115871630456	NA	NA	SNVs
QG4103	Australia	-14.0024240290633	1.34495743762958	NA	NA	SNVs
QG4135	Australia	-16.2941976377483	2.01472399886466	NA	NA	SNVs
QG4138	Australia	-20.0444968703701	2.4884815707314	NA	NA	SNVs
QG4151	Australia	-19.332376202353	2.04016072104578	NA	NA	SNVs
QG4193	Australia	-18.1852468143826	1.6351707218882	NA	NA	SNVs
QG4226	Australia	-16.9389444054484	1.39331005353738	NA	NA	SNVs
QG4228	Australia	-13.8224282381084	-1.09502942996002	NA	NA	SNVs
QG536	N. America	-18.5332363741612	1.07125667297284	NA	NA	SNVs
QG556	N. America	-10.3875031472311	0.993151824778215	NA	NA	SNVs
QG557	N. America	-14.6775873460337	1.12755699229596	NA	NA	SNVs
QW947	S. America	-14.6299439187005	-2.6249281016191	NA	NA	SNVs
QX1211	N. America	58.4736330135388	-56.2759873116379	NA	NA	SNVs
QX1212	N. America	-15.1748189485464	0.934936998012585	NA	NA	SNVs
QX1233	N. America	-14.6952638848602	1.61630927070472	NA	NA	SNVs
QX1791	Hawaii	-4.87796088463564	-0.0402478798285563	NA	NA	SNVs
QX1792	Hawaii	-9.67465343746662	1.08030858965632	NA	NA	SNVs
QX1793	Hawaii	-9.29654739019617	1.31161273205816	NA	NA	SNVs
QX1794	Hawaii	-7.00164723895093	-1.24139742537379	NA	NA	SNVs
RC301	Europe	-18.3950999409544	1.71028587957481	NA	NA	SNVs
TWN2530	Asia	-18.5699017915026	2.04328628625775	NA	NA	SNVs
TWN2542	Asia	-18.5949192844843	1.90431502405691	NA	NA	SNVs
WN2001	Europe	-15.8398082323447	1.68176243882645	NA	NA	SNVs
WN2002	Europe	-17.6082916245213	0.965521592401697	NA	NA	SNVs
WN2033	Europe	-18.2996254005034	1.84696268728701	NA	NA	SNVs
WN2050	Europe	-18.1176133035865	1.60139604090798	NA	NA	SNVs
WN2063	Europe	-19.69765792574	2.3335027014999	NA	NA	SNVs
WN2064	Europe	-20.6596747518539	2.27929049295574	NA	NA	SNVs
WN2066	Europe	-21.1000186661884	2.01772674753473	NA	NA	SNVs
WN2068	Europe	-19.6230906909755	2.21949456282143	NA	NA	SNVs
WN2069	Europe	-20.6852488487005	1.74082925857997	NA	NA	SNVs
WN2082	Europe	-16.4711327567899	1.89168468693804	NA	NA	SNVs
WN2086	Europe	-20.7943747375936	2.05878750625195	NA	NA	SNVs
XZ1513	Hawaii	-10.1769277243231	-0.171811237852871	NA	NA	SNVs
XZ1514	Hawaii	58.0815562694536	-56.0168221982945	NA	NA	SNVs
XZ1515	Hawaii	-14.3481058266384	0.52299153263473	NA	NA	SNVs
XZ1516	Hawaii	50.5279333883857	-13.0134679269786	NA	NA	SNVs
XZ1672	N. America	-19.3590637105302	1.58668109722757	NA	NA	SNVs
XZ1734	S. America	-17.4152189895878	2.04352663969182	NA	NA	SNVs
XZ1735	S. America	-15.9492864257058	2.66116976902486	NA	NA	SNVs
XZ1756	N. America	-18.1219679786011	1.72928492613426	NA	NA	SNVs
XZ2018	Unknown	-20.0872314265613	1.89772831004593	NA	NA	SNVs
XZ2019	N. America	2.68096596417826	1.84691976926126	NA	NA	SNVs
XZ2020	N. America	-19.1216854588611	2.31723167728628	NA	NA	SNVs
XZ2211	Hawaii	-9.39093201460101	1.24242456618539	NA	NA	SNVs
